summerlove, 180
cowboys tale, 140
DWAM, 124
Goodbye, 170
Passing time, 120
WTTB, 200
Indicisitivity (hey girl), 183
all hail, 114
army of believers, 240
falling in love with a princess, 160
nippy drink, 114
not a photograph, 184
sails are set, 118
straight song, 156
saddest sound, 140
shit happens, 128
signal in the noise, 148
sound of spree, 180
waste my time, 195
intoxicated, 126
good luck, 120
oisis saved my life, 188


b 'n' t, 
skys wide open, 114
golden flowers, 124
her last mail, 146
what if i am asleep, 94
imposter syndrom, 100


part of it, 140
you reminde me, 120
take the blame, 80
stereo, 120
irish rover,
drunken lullabie,
charlie mops, 
star of the CD,
g
